{"0": [], "1": [[0.2227493223378875, 8.930961820859814, 29.139999999999997], [4.578245611060156, 4.465480421573108, 29.139999999999997], [2.400497466699022, 6.698221121216461, 29.139999999999997], [6.755993755421291, 2.2327397219297556, 29.139999999999997]], "2": [[4.466869413689828, 1.8140873013984681e-06, 28.95], [9.045113342986868, 4.465483213374006, 28.95], [6.867365198625731, 6.698223913017359, 28.95], [2.2891212693286946, 2.2327425137306545, 28.95]]}